<?xml version="1.0" encoding="UTF-8"?>
<project-private xmlns="http://www.netbeans.org/ns/project-private/1">
    <editor-bookmarks xmlns="http://www.netbeans.org/ns/editor-bookmarks/2" lastBookmarkId="0"/>
    <open-files xmlns="http://www.netbeans.org/ns/projectui-open-files/2">
        <group>
            <file>file:/C:/Users/danie/Documents/NetBeansProjects/BankAccount/src/bankaccount/FXMLDocumentController.java</file>
            <file>file:/C:/Users/danie/Documents/NetBeansProjects/BankAccount/src/bankaccount/ManagerAcount.java</file>
            <file>file:/C:/Users/danie/Documents/NetBeansProjects/BankAccount/src/bankaccount/Silver.java</file>
            <file>file:/C:/Users/danie/Documents/NetBeansProjects/BankAccount/src/bankaccount/Gold.java</file>
            <file>file:/C:/Users/danie/Documents/NetBeansProjects/BankAccount/src/bankaccount/ClientAccountMain.java</file>
            <file>file:/C:/Users/danie/Documents/NetBeansProjects/BankAccount/src/bankaccount/ManagerWindowController.java</file>
            <file>file:/C:/Users/danie/Documents/NetBeansProjects/BankAccount/src/bankaccount/User.java</file>
            <file>file:/C:/Users/danie/Documents/NetBeansProjects/BankAccount/src/bankaccount/Platinum.java</file>
            <file>file:/C:/Users/danie/Documents/NetBeansProjects/BankAccount/src/bankaccount/ClientGUIController.java</file>
        </group>
    </open-files>
</project-private>
